index,senate_budget_medicaid_id,safety_county,Gannett?,safety_hosptial_type,senate_budget_hospital,hospital_address_full_fha,alex_address,alex_county,safety_ownership,safety_total_ownership,gov_worksheet_base_add_on_in_patient,gov_worksheet_base_add_on_out_patient,senate_budget_in_patient_add_on,senate_budget_outpatient_add_on,senate_in_patient_cuts,senate_out_patient_cuts,senate_savings,senate_cut_percentage,safety_total_XIX_utilization_per_hospital_%_2015,house_tier,house_add_on_percentage_keep,house_new_in_patient_add_on (G*(Q/100)),house_new_out_patient_add_on (H*(Q/100)),house_in_patient_cuts (G-R),house_out_patient_cuts (H-S),house_add_on_savings (T+U),gov_charitable_purpose_percent,gov_savings,lat,lng0,101516,Pinellas,No,Not-For-Profit,ALL CHILDREN'S HOSPITAL,"501 6th Ave., S. St. Petersburg, FL 33701-4634",,,All Children's Health System,All Children's Health System,29748824,7981108,20049024,5378815,9699800,2602293,-12302093,33,70,1,73.09,21744142,5833587,8004682,2147521,-10152203,-635,-37729932,27.7644486,-82.64055521,100609,Miami-Dade,No,Not-For-Profit,NICKLAUS CHILDREN'S,"3100 S.W. 62nd Ave. Miami, FL 33155-3009",,,,,36495393,12239475,24595830,8248714,11899563,3990761,-15890324,33,69,1,73.09,26675374,8946131,9820019,3293344,-13113363,708,0,25.7414133,-80.2944542,40876,Orange,No,Not-For-Profit,NEMOURS HOSPITAL,"13535 Nemours Pkwy. Orlando, FL 32827-7402",,,,,9128686,0,6152218,0,2976468,0,-2976468,33,69,1,73.09,6672380,0,2456306,0,-2456306,16,0,28.3767391,-81.27328733,25766,Hillsborough,No,Not-For-Profit,SHRINERS CHILDREN'S HOSPITAL,"12502 USF Pine Dr. Tampa, FL 33612-9411",,,,,340761,186590,229654,125751,111107,60839,-171946,33,51,1,73.09,249071,136383,91690,50207,-141897,0,0,28.0615781,-82.42284414,101486,Palm Beach,No,Investor-Owned,ST. MARY'S HOSPITAL,"901 45th St. West Palm Beach, FL 33407-2413",,,Tenet HealthSystem,Tenet HealthSystem,11259187,862895,7588055,581542,3671132,281353,-3952485,33,43,2,62.00,6980696,534995,4278491,327900,-4606391,151,0,26.7532225,-80.06285615,101443,Palm Beach,No,Public/Government,GLADES GENERAL HOSPITAL,"39200 Hooker Hwy. Belle Glade, FL 33430-5368",,,,,771274,250831,771274,250831,0,0,0,0,41,2,62.00,478190,155515,293084,95316,-388400,-161,0,26.7241903,-80.6712716,102261,Miami-Dade,No,Not-For-Profit,HOMESTEAD HOSPITAL,"975 Baptist Way Homestead, FL 33033-7600",,,Baptist Health South Florida,Baptist Health South Florida,7691454,278247,5183605,187523,2507849,90724,-2598573,33,36,2,62.00,4768701,172513,2922753,105734,-3028486,-78,0,25.4792269,-80.43047527,100129,Broward Health,No,Public/Government,BROWARD HEALTH - BROWARD GENERAL MEDICAL CENTER,"1600 S. Andrews Ave. Ft. Lauderdale, FL 33316-2510",,,Broward Health,Broward Health,29539563,5736577,19907994,3866128,9631569,1870449,-11502018,33,36,2,62.00,18314529,3556678,11225034,2179899,-13404933,97,0,26.1022242,-80.140788,100676,Duval,No,Not-For-Profit/Teaching,UF HEALTH JACKSONVILLE,"655 W. 8th St. Jacksonville, FL 32209-6511",,,University of Florida Healthcare,University of Florida Healthcare,23448975,9557869,15803282,6441463,7645693,3116406,-10762099,33,34,2,62.00,14538365,5925879,8910611,3631990,-12542601,387,0,30.3488168,-81.66458589,100765,Escambia,Yes,Not-For-Profit,SACRED HEART HOSPITAL,"5151 N. 9th Ave. Pensacola, FL 32504-8721",,,"Sacred Heart Health System, Inc.","Sacred Heart Health System, Inc.",13188982,1512509,8888628,1019346,4300354,493163,-4793517,33,32,2,62.00,8177169,937756,5011813,574753,-5586567,107,0,30.4760103,-87.212948810,100625,Miami-Dade,No,Investor-Owned,WESTCHESTER GENERAL HOSPITAL,"2500 S.W. 75th Ave. Miami, FL 33155-2805",,,,,1387463,28068,935072,18916,452391,9152,-461543,33,30,3,20.00,277493,5614,1109970,22454,-1132425,309,0,25.7474336,-80.31767411,100498,Miami-Dade,No,Investor-Owned,NORTH SHORE MEDICAL CENTER,"1100 N.W. 95th St. Miami, FL 33150-2038",,,Tenet HealthSystem,Tenet HealthSystem,6916571,1485237,4661378,1000966,2255193,484271,-2739464,33,30,3,20.00,1383314,297047,5533257,1188190,-6721446,-1168,0,25.8601632,-80.214217412,101338,Orange,No,Not-For-Profit/Teaching,ORLANDO HEALTH,"52 W. Underwood St. Orlando, FL 32806-2008",,,Orlando Health,Orlando Health,33940452,4015302,22873944,2706087,11066508,1309215,-12375723,33,29,2,62.00,21043080,2489487,12897372,1525815,-14423187,43,-37955754,28.5265247,-81.377605213,120308,Palm Beach,No,Investor-Owned,COLUMBIA HOSPITAL,"2201 45th St. West Palm Beach, FL 33407-2047",,,HCA East Florida Division,HCA,1026237,199473,691626,134434,334611,65039,-399650,33,29,3,20.00,205247,39895,820990,159578,-980568,-95,0,26.7619368,-80.087612314,117617,Bay,No,Investor-Owned,GULF COAST MEDICAL CENTER,"449 W. 23rd St. Panama City, FL 32405-4507",,,HCA North Florida Division,HCA,3550923,285925,2393122,192697,1157801,93228,-1251029,33,28,3,20.00,710185,57185,2840738,228740,-3069478,12,-3836849,30.186569,-85.66513215,100978,Hillsborough,No,Not-For-Profit,ST. JOSEPH'S HOSPITAL,"3001 W Dr Martin Luther King Jr Bvd Tampa, FL 33607-6307",,,BayCare - St. Joseph's-Baptist Health Care,BayCare,20430541,2033350,13769029,1370363,6661512,662987,-7324499,33,28,3,20.00,4086108,406670,16344433,1626680,-17971113,55,-22463891,27.9814645,-82.489954916,100421,Miami-Dade,No,Public/Government,JACKSON MEMORIAL HOSPITAL,"1611 N.W. 12th Ave. Miami, FL 33136-1005",,,Jackson Health System,Jackson Health System,93698430,11557755,63147441,7789273,30550989,3768482,-34319471,33,27,1,73.09,68486471,8447845,25211959,3109910,-28321869,199,0,25.7917989,-80.21263817,120260,Palm Beach,No,Investor-Owned,PALMS WEST HOSPITAL,"13001 Southern Blvd. Loxahatchee, FL 33470-9203",,,HCA East Florida Division,HCA,2753255,585633,1855538,394684,897717,190949,-1088666,33,27,3,20.00,550651,117127,2202604,468506,-2671110,64,0,26.6842194,-80.252035518,120006,Broward,No,Investor-Owned,PLANTATION GENERAL HOSPITAL,"401 N.W. 42nd Ave. Plantation, FL 33317-2835",,,HCA East Florida Division,HCA,3807918,0,2566321,0,1241597,0,-1241597,33,27,3,20.00,761584,0,3046334,0,-3046334,523,0,26.126466,-80.20519319,100030,Alachua,No,Not-For-Profit/Teaching,UF HEALTH SHANDS,"1600 S.W. Archer Rd. Gainesville, FL 32610-3003",,,University of Florida Healthcare,University of Florida Healthcare,40456606,11224101,27265463,7564409,13191143,3659692,-16850835,33,27,2,62.00,25083096,6958943,15373510,4265158,-19638669,65,0,29.6399529,-82.342674220,120405,Broward Health,No,Public/Government,BROWARD HEALTH - CORAL SPRINGS MEDICAL CENTER,"3000 Coral Hills Dr. Coral Springs, FL 33065-4108",,,Broward Health,Broward Health,3665524,200271,2470356,134971,1195168,65300,-1260468,33,27,2,62.00,2272625,124168,1392899,76103,-1469002,113,0,26.2688102,-80.255635821,100269,Calhoun,No,Not-For-Profit,CALHOUN LIBERTY HOSPITAL,"20370 N.E. Burns Ave. Blountstown, FL 32424-1045",,,,,35866,34101,35866,34101,0,0,0,0,27,3,20.00,7173,6820,28693,27281,-55974,-71,0,30.458695,-85.05000322,100412,Miami-Dade,No,Investor-Owned,HIALEAH HOSPITAL,"651 E. 25th St. Hialeah, FL 33013-3814",,,Tenet HealthSystem,Tenet HealthSystem,5446267,631648,3670476,425695,1775791,205953,-1981744,33,26,3,20.00,1089253,126330,4357014,505318,-4862332,335,0,25.8454917,-80.268924123,120138,Miami-Dade,No,Investor-Owned,KENDALL REGIONAL  MEDICAL  CENTER,"11750 S.W. 40 St. Miami, FL 33175-3530",,,HCA East Florida Division,HCA,4053682,184919,2731952,124625,1321730,60294,-1382024,33,26,3,20.00,810736,36984,3242946,147935,-3390881,36,-4238601,25.7307897,-80.385302624,104604,Miami-Dade,No,Investor-Owned,PALMETTO GENERAL HOSPITAL,"2001 W. 68th St. Hialeah, FL 33016-1801",,,Tenet HealthSystem,Tenet HealthSystem,6785342,0,4572937,0,2212405,0,-2212405,33,26,3,20.00,1357068,0,5428274,0,-5428274,347,0,25.8847648,-80.328519725,101109,Lee,Yes,Public/Government,LEE MEMORIAL HOSPITAL,"2776 Cleveland Ave. Ft. Myers, FL 33901-5864",,,Lee Memorial Health System,Lee Memorial Health System,16527784,3804535,11138792,2564041,5388992,1240494,-6629486,33,25,2,62.00,10247226,2358812,6280558,1445723,-7726281,23,-20332319,26.6282125,-81.874341426,100994,Hillsborough,No,Not-For-Profit/Teaching,TAMPA GENERAL HOSPITAL,"1 Tampa General Circle Tampa, FL 33606-3571",,,,,36715664,2003690,24744280,1350374,11971384,653316,-12624700,33,25,2,62.00,22763712,1242288,13951952,761402,-14713355,108,0,27.9381581,-82.459098927,100200,Broward - Memorial Health,No,Public/Government,MEMORIAL REGIONAL HOSPITAL,"3501 Johnson St. Hollywood, FL 33021-5421",,,Memorial Healthcare System,Memorial Healthcare System,23816996,10672746,16051308,7192827,7765688,3479919,-11245607,33,25,2,62.00,14766538,6617103,9050458,4055643,-13106102,3588,0,26.0189172,-80.179720928,100587,Miami-Dade,No,Not-For-Profit,SOUTH MIAMI HOSPITAL,"6200 S.W. 73rd St. Miami, FL 33143-4679",,,Baptist Health South Florida,Baptist Health South Florida,0,0,0,0,0,0,0,0,25,3,20.00,0,0,0,0,0,37,0,25.7035412,-80.29389729,101401,Palm Beach,No,Not-For-Profit,BETHESDA HEALTHCARE SYSTEM,"2815 S. Seacrest Blvd. Boynton Beach, FL 33435-7934",,,,,3814307,200974,2570627,135445,1243680,65529,-1309209,33,24,4,0.00,0,0,3814307,200974,-4015281,-125,0,26.5047567,-80.070381830,100331,Columbia,No,Investor-Owned,LAKE SHORE,"368 N.E. Franklin St. Lake City, FL 32055-3088",,,Health Management Associates,Health Management Associates,984792,404482,984792,404482,0,0,0,0,24,4,0.00,0,0,984792,404482,-1389274,111,0,30.1930709,-82.632599131,119695,St. Lucie,Yes,Investor-Owned,LAWNWOOD REGIONAL MEDICAL CENTER,"1700 S. 23rd St. Ft. Pierce, FL 34950-4803",,,HCA East Florida Division,HCA,5606828,346491,3778685,233515,1828143,112976,-1941119,33,24,4,0.00,0,0,5606828,346491,-5953319,34,-5953319,27.4319627,-80.345927932,120243,Palm Beach,No,Investor-Owned,WEST BOCA MEDICAL CENTER,"21644 State Road 7 Boca Raton, FL 33428-1842",,,Tenet HealthSystem,Tenet HealthSystem,0,0,0,0,0,0,0,0,23,4,0.00,0,0,0,0,0,81,0,26.355958,-80.199216833,101133,Leon,Yes,Not-For-Profit,TALLAHASSEE MEMORIAL HOSPITAL,"1300 Miccosukee Rd. Tallahassee, FL 32308-5054",,,,,6930746,689678,4670931,464804,2259815,224874,-2484689,33,23,4,0.00,0,0,6930746,689678,-7620424,41,-7620425,30.456681,-84.261651834,101141,Levy,No,Investor-Owned,NATURE COAST REGIONAL HEALTH NETWORK,"125 S.W. 7th St. Williston, FL 32696-2403",,,Cypress Health Systems,Cypress Health Systems,69520,23674,69520,23674,0,0,0,0,22,4,0.00,0,0,69520,23674,-93194,14,0,29.383637,-82.45499735,111741,Clay,No,Investor-Owned,ORANGE PARK MEDICAL CENTER,"2001 Kingsley Ave. Orange Park, FL 32073-5148",,,HCA North Florida Division,HCA,0,0,0,0,0,0,0,0,22,4,0.00,0,0,0,0,0,77,0,30.1659644,-81.737622636,101168,Manatee,No,Investor-Owned,MANATEE MEMORIAL HOSPITAL,"206 Second St., E. Bradenton, FL 34208-1042",,,"Universal Health Services, Inc.","Universal Health Services, Inc.",4652285,263386,3135377,177507,1516908,85879,-1602787,33,22,4,0.00,0,0,4652285,263386,-4915671,-363,-4915671,27.4973268,-82.56222737,100641,Duval,No,Not-For-Profit,BAPTIST MEDICAL CENTER,"800 Prudential Dr. Jacksonville, FL 32207-8202",,,Baptist Health,Baptist Health,11476986,174383,7734839,117524,3742147,56859,-3799006,33,22,4,0.00,0,0,11476986,174383,-11651369,40,-11651369,30.3157254,-81.663664938,102130,Palm Beach,No,Investor-Owned,WELLINGTON REGIONAL MEDICAL CENTER,"10101 Forest Hill Blvd. Wellington, FL 33414-6103",,,"Universal Health Services, Inc.","Universal Health Services, Inc.",1199941,374596,808692,252457,391249,122139,-513388,33,22,4,0.00,0,0,1199941,374596,-1574537,-148,-1574537,26.6520588,-80.205215239,101036,Holmes,No,Public/Government,DOCTORS MEMORIAL HOSPITAL,"2600 Hospital Dr. Bonifay, FL 32425-4264",,,,,141280,140430,141280,140430,0,0,0,0,22,4,0.00,0,0,141280,140430,-281710,-154,0,30.7609176,-85.683256240,101508,Pasco,No,Not-For-Profit,MORTON PLANT NORTH BAY HOSPITAL,"6600 Madison St. New Port Richey, FL 34652-1971",,,BayCare - Morton Plant Mease Health Care,BayCare,0,0,0,0,0,0,0,0,21,4,0.00,0,0,0,0,0,-193,0,28.254315,-82.71447441,101389,Osceola,No,Investor-Owned,OSCEOLA REGIONAL MEDICAL CENTER,"700 W. Oak St. Kissimmee, FL 34741-4996",,,HCA West Florida Division,HCA,3821759,496463,2575649,334588,1246110,161875,-1407985,33,21,4,0.00,0,0,3821759,496463,-4318222,67,0,28.2996231,-81.409732542,101567,Pinellas,No,Investor-Owned,BAYFRONT MEDICAL CENTER,"701 6th St., S. St. Petersburg, FL 33701-4814",,,Health Management Associates,Health Management Associates,5575051,263900,3757269,177854,1817782,86046,-1903828,33,21,4,0.00,0,0,5575051,263900,-5838951,67,0,27.763198,-82.642691843,101745,Santa Rosa,Yes,Investor-Owned,SANTA ROSA MEDICAL CENTER,"6002 Berryhill Rd. Milton, FL 32570-5062",,,Health Management Associates,Health Management Associates,0,0,0,0,0,0,0,0,20,4,0.00,0,0,0,0,0,39,0,30.6344146,-87.066953544,103454,Broward - Memorial Health,No,Public/Government,MEMORIAL HOSPITAL MIRAMAR,"1901 S.W. 172nd Ave. Miramar, FL 33029-5592",,,Memorial Healthcare System,Memorial Healthcare System,1931633,1662801,1301812,1120634,629821,542167,-1171988,33,20,4,0.00,0,0,1931633,1662801,-3594434,6,-3594434,25.9908868,-80.372838745,111325,Okaloosa,No,Investor-Owned,FORT WALTON BEACH MEDICAL CENTER,"1000 Mar-Walt Dr. Ft. Walton Beach, FL 32547-6708",,,HCA North Florida Division,HCA,0,0,0,0,0,0,0,0,20,4,0.00,0,0,0,0,0,49,0,30.454478,-86.63362146,100871,Hernando,No,Investor-Owned,BROOKSVILLE REGIONAL HOSPITAL,"17240 Cortez Blvd. Brooksville, FL 34601-8921",,,Health Management Associates: Hernando HealthCare,Health Management Associates,1711980,0,1153777,0,558203,0,-558203,33,20,4,0.00,0,0,1711980,0,-1711980,29,-1711980,28.5385,-82.443038647,119806,Leon,Yes,Investor-Owned,CAPITAL REGIONAL MEDICAL CENTER,"2626 Capital Medical Blvd. Tallahassee, FL 32308-4402",,,HCA North Florida Division,HCA,0,0,0,0,0,0,0,0,20,4,0.00,0,0,0,0,0,50,0,30.4759766,-84.231881948,118079,Hillsborough,No,Investor-Owned,BRANDON REGIONAL HOSPITAL,"119 Oakfield Dr. Brandon, FL 33511-5779",,,HCA West Florida Division,HCA,3872046,0,2609540,0,1262506,0,-1262506,33,19,4,0.00,0,0,3872046,0,-3872046,47,-3872046,27.9327476,-82.287385549,120057,Miami-Dade,No,Investor-Owned,LARKIN COMMUNITY HOSPITAL,"7031 S.W. 62nd Ave. South Miami, FL 33143-4701",,,,,1252285,329415,843969,222007,408316,107408,-515724,33,19,4,0.00,0,0,1252285,329415,-1581700,155,0,25.7055657,-80.293099250,101524,Palm Beach,No,Investor-Owned,GOOD SAMARITAN MEDICAL CENTER,"1309 N. Flagler Dr. West Palm Beach, FL 33401-3406",,,Tenet HealthSystem,Tenet HealthSystem,0,0,0,0,0,0,0,0,19,4,0.00,0,0,0,0,0,108,0,26.7251532,-80.051888751,120103,Pinellas,No,Investor-Owned,SAINT PETERSBURG GENERAL HOSPITAL,"6500 38th Ave., N. St. Petersburg, FL 33710-1629",,,HCA West Florida Division,HCA,1714334,83537,1155364,56300,558970,27237,-586207,33,18,4,0.00,0,0,1714334,83537,-1797871,128,0,27.8053915,-82.726757152,101842,Volusia,No,Public/Government,HALIFAX HEALTH,"303 N. Clyde Morris Blvd. Daytona Beach, FL 32114-2709",,,Halifax Health,Halifax Health,6121525,1222913,4125562,824174,1995963,398739,-2394702,33,18,4,0.00,0,0,6121525,1222913,-7344438,121,0,29.2004452,-81.054722253,100218,Broward Health,No,Public/Government,BROWARD HEALTH - NORTH BROWARD MEDICAL CENTER,"201 E. Sample Rd. Deerfield Beach, FL 33064-3502",,,Broward Health,Broward Health,6075695,1331183,4094675,897142,1981020,434041,-2415061,33,18,4,0.00,0,0,6075695,1331183,-7406878,155,0,26.2769286,-80.121475354,100358,Miami-Dade,No,Not-For-Profit,BAPTIST HOSPITAL OF MIAMI,"8900 N. Kendall Dr. Miami, FL 33176-2118",,,Baptist Health South Florida,Baptist Health South Florida,15823926,1679347,10664431,1131785,5159495,547562,-5707057,33,18,4,0.00,0,0,15823926,1679347,-17503273,18,-17503272,25.6830929,-80.340328755,101931,Duval,No,Investor-Owned,MEMORIAL HOSPITAL JACKSONVILLE,"3625 University Blvd., S. Jacksonville, FL 32216-4207",,,HCA North Florida Division,HCA,0,0,0,0,0,0,0,0,18,4,0.00,0,0,0,0,0,52,0,30.2878473,-81.601164456,108219,Broward Health,No,Public/Government,BROWARD HEALTH - IMPERIAL POINT HOSPITAL,"6401 N. Federal Hwy. Ft. Lauderdale, FL 33308-1427",,,Broward Health,Broward Health,2027655,339013,1366525,228476,661130,110537,-771667,33,18,4,0.00,0,0,2027655,339013,-2366668,106,0,26.2067802,-80.110875457,104591,Broward,No,Investor-Owned,NORTHWEST MEDICAL CENTER,"2801 N. State Road 7 Margate, FL 33063-5727",,,HCA East Florida Division,HCA,0,0,0,0,0,0,0,0,17,4,0.00,0,0,0,0,0,68,0,26.2631014,-80.202948658,101761,Sarasota,No,Public/Government,SARASOTA MEMORIAL HOSPITAL,"1700 S. Tamiami Tr. Sarasota, FL 34239-3509",,,,,6194032,389932,4174427,262792,2019605,127140,-2146745,33,15,4,0.00,0,0,6194032,389932,-6583964,13,-6583964,27.3182559,-82.531198559,100897,Highlands,No,Investor-Owned,HIGHLANDS REGIONAL MEDICAL CENTER,"3600 S. Highlands Ave. Sebring, FL 33870-5416",,,Health Management Associates,Health Management Associates,0,0,0,0,0,0,0,0,17,4,0.00,0,0,0,0,0,-182,0,27.4656878,-81.43297760,102229,Broward - Memorial Health,No,Public/Government,MEMORIAL HOSPITAL PEMBROKE,"7800 Sheridan St. Pembroke Pines, FL 33024-2536",,,Memorial Healthcare System,Memorial Healthcare System,1639362,1382279,1104837,931578,534525,450701,-985226,33,17,4,0.00,0,0,1639362,1382279,-3021641,207,0,26.0296726,-80.245661561,101354,Orange,No,Public/Government,HEALTH CENTRAL,"10000 W. Colonial Dr. Ocoee, FL 34761-3400",,,,,1029883,262048,694083,176605,335800,85443,-421243,33,17,4,0.00,0,0,1029883,262048,-1291931,63,0,28.549928,-81.527862962,100366,Miami-Dade,No,Not-For-Profit,UNIVERSITY OF MIAMI HOSPITAL,"1400 N.W. 12th Ave. Miami, FL 33136-1003",,,University of Miami Health System,University of Miami Health System,5465061,742077,3683142,500118,1781919,241959,-2023878,33,16,4,0.00,0,0,5465061,742077,-6207138,538,0,25.7886212,-80.215864363,101061,Jackson,No,Public/Government,JACKSON HOSPITAL,"4250 Hospital Dr. Marianna, FL 32446-1917",,,Quorum Health Resources,Quorum Health Resources,837261,349384,837261,349384,0,0,0,0,16,4,0.00,0,0,837261,349384,-1186645,119,0,30.786751,-85.24189164,101460,Palm Beach,No,Investor-Owned,JFK MEDICAL CENTER,"5301 S. Congress Ave. Atlantis, FL 33462-1149",,,HCA East Florida Division,HCA,4846806,0,3266473,0,1580333,0,-1580333,33,16,4,0.00,0,0,4846806,0,-4846806,75,0,26.5986046,-80.091538865,100749,Escambia,Yes,Not-For-Profit,BAPTIST HOSPITAL OF PENSACOLA,"1000 W. Moreno St. Pensacola, FL 32501-2316",,,Baptist Health Care,Baptist Health Care,5366339,1752205,3616609,1180887,1749730,571318,-2321048,33,16,4,0.00,0,0,5366339,1752205,-7118544,103,0,30.4294318,-87.231280566,120413,Polk,No,Not-For-Profit,BARTOW REGIONAL MEDICAL CENTER,"2200 Osprey Blvd. Bartow, FL 33830-3308",,,BayCare Health System,BayCare,340957,169740,229785,114395,111172,55345,-166517,33,16,4,0.00,0,0,340957,169740,-510697,250,0,27.9179801,-81.844024767,32265,Miami-Dade,No,Not-For-Profit,WEST KENDALL,"9555 S.W. 162nd Ave. Miami, FL 33196-6408",,,Baptist Health South Florida,Baptist Health South Florida,0,0,0,0,0,0,0,0,16,4,0.00,0,0,0,0,0,56,0,25.6785523,-80.455962968,101044,Indian River,Yes,Not-For-Profit,INDIAN RIVER MEDICAL CENTER,"1000 36th St. Vero Beach, FL 32960-4862",,,,,0,0,2902383,869622,-2902383,-869622,3772005,0,13,4,0.00,0,0,0,0,0,1657,0,27.6585296,-80.394330769,101648,Polk,No,Not-For-Profit,LAKELAND REGIONAL MEDICAL CENTER,"1324 Lakeland Hills Blvd. Lakeland, FL 33805-4543",,,,,6614048,1417428,4457494,955267,2156554,462161,-2618715,33,16,4,0.00,0,0,6614048,1417428,-8031476,92,0,28.0606898,-81.954690870,101028,Hillsborough,No,Not-For-Profit,UNIVERSITY COMMUNITY HOSPITAL - TAMPA,"3100 E. Fletcher Ave. Tampa, FL 33613-4613",,,Adventist Health System,Adventist Health System,0,0,0,0,0,0,0,0,16,4,0.00,0,0,0,0,0,180,0,28.0714161,-82.42358971,100986,Hillsborough,No,Not-For-Profit,SOUTH FLORIDA BAPTIST HOSPITAL,"301 N. Alexander St. Plant City, FL 33563-4303",,,BayCare - St. Joseph's-Baptist Health Care,BayCare,1760061,567153,1186182,382229,573879,184924,-758803,33,16,4,0.00,0,0,1760061,567153,-2327214,82,0,28.0156281,-82.138726772,102521,Broward - Memorial Health,No,Public/Government,MEMORIAL HOSPITAL WEST,"703 N. Flamingo Rd. Pembroke Pines, FL 33028-1006",,,Memorial Healthcare System,Memorial Healthcare System,4337608,2894999,2923302,1951066,1414306,943933,-2358239,33,16,4,0.00,0,0,4337608,2894999,-7232607,12,-7232607,26.014047,-80.309676473,101699,Polk,No,Not-For-Profit,WINTER HAVEN HOSPITAL,"200 Avenue F,  N.E. Winter Haven, FL 33881-4131",,,BayCare Health System,BayCare,3214902,565545,2166662,381145,1048240,184400,-1232640,33,15,4,0.00,0,0,3214902,565545,-3780447,860,0,28.0276768,-81.72465674,100111,Brevard,Yes,Investor-Owned,WUESTHOFF MEDICAL CENTER - ROCKLEDGE,"110 Longwood Ave. Rockledge, FL 32955-2828",,,Health Management Associates,Health Management Associates,0,0,0,0,0,0,0,0,15,4,0.00,0,0,0,0,0,201,0,28.335224,-80.72319575,102288,Polk,No,Investor-Owned,HEART OF FLORIDA REGIONAL MEDICAL CENTER,"40100 Highway 27 Davenport, FL 33837-5906",,,Health Management Associates,Health Management Associates,2675195,0,1802930,0,872265,0,-872265,33,15,4,0.00,0,0,2675195,0,-2675195,43,-2675195,28.1814929,-81.641877776,101290,Orange,No,Not-For-Profit,FLORIDA HOSPITAL,"601 E. Rollins St. Orlando, FL 32803-1248",,,Adventist Health System,Adventist Health System,42656169,7282666,28747845,4908105,13908324,2374561,-16282885,33,15,4,0.00,0,0,42656169,7282666,-49938835,51,-49938836,28.5744699,-81.369541577,109606,Miami-Dade,No,Investor-Owned,CORAL GABLES HOSPITAL,"3100 Douglas Rd. Coral Gables, FL 33134-6914",,,Tenet HealthSystem,Tenet HealthSystem,795352,0,536022,0,259330,0,-259330,33,15,4,0.00,0,0,795352,0,-795352,-151,0,25.7435083,-80.254770178,101494,Pasco,No,Not-For-Profit,FLORIDA HOSPITAL ZEPHYRHILLS,"7050 Gall Blvd. Zephyrhills, FL 33541-1347",,,Adventist Health System,Adventist Health System,0,361367,0,243541,0,117826,-117826,33,14,4,0.00,0,0,0,361367,-361367,336,0,28.26093,-82.188014979,119849,Hillsborough,No,Investor-Owned,TOWN & COUNTRY HOSPITAL,"6001 Webb Rd. Tampa, FL 33615-3241",,,IASIS Healthcare,,0,0,0,0,0,0,0,0,14,4,0.00,0,0,0,0,0,-282,0,28.0026904,-82.57412380,100081,Brevard,Yes,Not-For-Profit,HOLMES REGIONAL MEDICAL CENTER,"1350 S. Hickory St. Melbourne, FL 32901-3224",,,"Health First, Inc.","Health First, Inc.",6255064,299963,4215559,202158,2039505,97805,-2137310,33,14,4,0.00,0,0,6255064,299963,-6555027,7,-6555027,28.0693872,-80.612867881,119750,Okeechobee,No,Investor-Owned,H.H. RAULERSON,"1796 Hwy. 441, N. Okeechobee, FL 34972-1918",,,HCA East Florida Division,HCA,493495,313265,493495,313265,0,0,0,0,13,4,0.00,0,0,493495,313265,-806760,8,-806760,27.259828,-80.82854982,108626,Alachua,No,Investor-Owned,NORTH FLORIDA REGIONAL MEDICAL CENTER,"6500 W. Newberry Rd. Gainesville, FL 32605-4309",,,HCA North Florida Division,HCA,0,0,0,0,0,0,0,0,14,4,0.00,0,0,0,0,0,23,0,29.6603042,-82.411572183,101711,St. Johns,No,Not-For-Profit,FLAGLER HOSPITAL,"400 Health Park Blvd. St. Augustine, FL 32086-5784",,,,,0,0,0,0,0,0,0,0,14,4,0.00,0,0,0,0,0,154,0,29.8632208,-81.317360184,101800,Taylor,No,Not-For-Profit,DOCTORS MEMORIAL HOSPITAL,"333 N. Byron Butler Pkwy. Perry, FL 32347-2300",,,,,173640,248164,173640,248164,0,0,0,0,14,4,0.00,0,0,173640,248164,-421804,-667,0,30.1201475,-83.593086385,120227,Pinellas,No,Not-For-Profit,SAINT ANTHONY'S HOSPITAL,"1200 7th Ave., N. St. Petersburg, FL 33705-1300",,,BayCare - St. Anthony's Health Care,BayCare,2698871,460548,1818886,310383,879985,150165,-1030150,33,14,4,0.00,0,0,2698871,460548,-3159419,61,0,27.7786029,-82.65075786,120375,Miami-Dade,No,Investor-Owned,AVENTURA HOSPITAL & MEDICAL CEN,"20900 Biscayne Blvd. Aventura, FL 33180-1407",,,HCA East Florida Division,HCA,0,0,0,0,0,0,0,0,14,4,0.00,0,0,0,0,0,32,0,25.96994,-80.1453387,101788,Seminole,No,Investor-Owned,CENTRAL FLORIDA REGIONAL HOSPITAL,"1401 W. Seminole Blvd. Sanford, FL 32771-6743",,,HCA West Florida Division,HCA,0,0,0,0,0,0,0,0,14,4,0.00,0,0,0,0,0,98,0,28.8146209,-81.283635288,101095,Lake,No,Not-For-Profit,FLORIDA HOSPITAL WATERMAN,"1000 Waterman Way Tavares, FL 32778-5266",,,Adventist Health System,Adventist Health System,0,0,0,0,0,0,0,0,14,4,0.00,0,0,0,0,0,150,0,28.823794,-81.71470389,101877,Volusia,No,Not-For-Profit,MEMORIAL HOSPITAL - WEST VOLUSIA,"701 W. Plymouth Ave. DeLand, FL 32720-3236",,,Adventist Health System,Adventist Health System,0,0,0,0,0,0,0,0,14,4,0.00,0,0,0,0,0,119,0,29.0438523,-81.317474490,101923,DeSoto,No,Not-For-Profit,DESOTO MEMORIAL HOSPITAL,"900 N. Robert Ave. Arcadia, FL 34266-8712",,,Arcadia,Arcadia,651689,304035,651689,304035,0,0,0,0,14,4,0.00,0,0,651689,304035,-955724,-406,0,27.2274746,-81.850811691,105520,Pasco,No,Investor-Owned,COMMUNITY HOSPITAL,"9330 State Road 54 Trinity, FL 34655-1808",,,HCA West Florida Division,HCA,0,0,0,0,0,0,0,0,13,4,0.00,0,0,0,0,0,-5157,0,28.2038799,-82.659912592,103233,Walton,No,Not-For-Profit,SACRED HEART OF THE EMERALD COAST,"7800 US Highway 98, W. Miramar Beach, FL 32550-7228",,,"Sacred Heart Health System, Inc.","Sacred Heart Health System, Inc.",532427,225819,532427,225819,0,0,0,0,13,4,0.00,0,0,532427,225819,-758246,25,-758246,30.378368,-86.30695693,100102,Brevard,Yes,Public/Government,PARRISH MEDICAL CENTER,"951 N. Washington Ave. Titusville, FL 32796-2194",,,,,1503311,588712,1013147,396759,490164,191953,-682117,33,13,4,0.00,0,0,1503311,588712,-2092023,-31,0,28.6308071,-80.824087394,100064,Bay,No,Investor-Owned,BAY MEDICAL CENTER,"615 N. Bonita Ave. Panama City, FL 32401-3623",,,,,2007005,640226,1352608,431476,654397,208750,-863147,33,13,4,0.00,0,0,2007005,640226,-2647231,6,0,30.1596644,-85.648624395,112801,Broward,No,Investor-Owned,UNIVERSITY HOSPITAL & MEDICAL C,"7201 N. University Dr. Tamarac, FL 33321-2913",,,HCA East Florida Division,HCA,0,0,0,0,0,0,0,0,13,4,0.00,0,0,0,0,0,131,0,26.21211,-80.254448296,113514,Putnam,No,Investor-Owned,PUTNAM COMMUNITY MEDICAL CENTER,"611 Zeagler Dr. Palatka, FL 32177-3810",,,HCA West Florida Division,HCA,747266,294591,747266,294591,0,0,0,0,13,4,0.00,0,0,747266,294591,-1041857,-20,0,29.644807,-81.69431197,101885,Walton,No,Investor-Owned,HEALTHMARK REGIONAL MEDICAL CENTER,"4413 US Highway 331, S. DeFuniak Springs, FL 32435-6307",,,Healthmark Corporation,,77166,88740,77166,88740,0,0,0,0,13,4,0.00,0,0,77166,88740,-165906,0,-165906,30.6599519,-86.11763598,100099,Brevard,Yes,Not-For-Profit,CAPE CANAVERAL HOSPITAL,"701 W. Cocoa Beach Cswy. Cocoa Beach, FL 32931-3585",,,"Health First, Inc.","Health First, Inc.",0,0,0,0,0,0,0,0,13,4,0.00,0,0,0,0,0,20,0,28.3600539,-80.623091699,100463,Miami-Dade,No,Not-For-Profit/Teaching,MT. SINAI MEDICAL CENTER,"4300 Alton Rd. Miami Beach, FL 33140-2948",,,,,4741456,579457,3195473,390521,1545983,188936,-1734919,33,13,4,0.00,0,0,4741456,579457,-5320913,50,-5320913,25.8132946,-80.1401372100,101117,Lee,Yes,Investor-Owned,LEHIGH REGIONAL MEDICAL CENTER,"1500 Lee Blvd. Lehigh Acres, FL 33936-4835",,,Health Management Associates,Health Management Associates,0,0,0,0,0,0,0,0,12,4,0.00,0,0,0,0,0,-324,0,26.6158716,-81.6594828101,111341,Lee,Yes,Public/Government,SOUTHWEST FLORIDA REGIONAL MEDICAL CENTE,"13681 Doctor's Way Ft. Myers, FL 33912-4300",,,Lee Memorial Health System,Lee Memorial Health System,0,0,0,0,0,0,0,0,13,4,0.00,0,0,0,0,0,93,0,26.5441756,-81.8504152102,101192,Monroe,No,Investor-Owned,LOWER KEYS MEDICAL CENTER,"1200 Kennedy Dr. Key West, FL 33040-4023",,,Health Management Associates,Health Management Associates,1521187,153729,1521187,153729,0,0,0,0,13,4,0.00,0,0,1521187,153729,-1674916,16,-1674916,24.5642616,-81.7675071103,100943,Hillsborough,No,Not-For-Profit,UNIVERSITY COMMUNITY HOSP. - CARROLLWOOD,"7171 N. Dale Mabry Hwy. Tampa, FL 33614-2665",,,Adventist Health System,Adventist Health System,0,0,0,0,0,0,0,0,12,4,0.00,0,0,0,0,0,101,0,28.0136077,-82.5038008104,101117,,No,,LEHIGH REGIONAL MEDICAL CENTER,"1500 Lee Blvd. Lehigh Acres, FL 33936-4835",,,,,0,0,0,0,0,0,0,0,12,4,0.00,0,0,0,0,0,-324,0,26.6158716,-81.6594828105,115193,Pinellas,No,Investor-Owned,NORTHSIDE HOSPITAL & HEART INST.,"6000 49th St., N. St. Petersburg, FL 33709-2114",,,HCA West Florida Division,HCA,1875802,20591,1264184,13877,611618,6714,-618332,33,12,4,0.00,0,0,1875802,20591,-1896393,111,0,27.8256524,-82.7027066106,101583,Pinellas,No,Not-For-Profit,MORTON F. PLANT HOSPITAL,"300 Pinellas St. Clearwater, FL 33756-3804",,,BayCare - Morton Plant Mease Health Care,BayCare,6161970,1024445,4152819,690418,2009151,334027,-2343178,33,12,4,0.00,0,0,6161970,1024445,-7186415,37,-7186415,27.9530818,-82.8038243107,32975,Brevard,Yes,Not-For-Profit,PALM BAY,"1425 Malabar Rd., N.E. Palm Bay, FL 32907-2506",,,"Health First, Inc.","Health First, Inc.",0,0,0,0,0,0,0,0,12,4,0.00,0,0,0,0,0,123,0,27.9983893,-80.6127116108,101176,Marion,No,Investor-Owned,MUNROE REGIONAL MEDICAL CENTER,"1500 S.W. 1st Ave. Ocala, FL 34471-6504",,,,,0,0,0,0,0,0,0,0,12,4,0.00,0,0,0,0,0,-269,0,29.1753878,-82.138785109,101087,Lake,No,Not-For-Profit,SOUTH LAKE HOSPITAL,"1900 Don Wickham Dr. Clermont, FL 34711-1979",,,Orlando Health,Orlando Health,0,0,0,0,0,0,0,0,12,4,0.00,0,0,0,0,0,20,0,28.552044,-81.720865110,100901,Highlands,No,Not-For-Profit,FLORIDA HOSPITAL HEARTLAND MED. CTR.,"4200 Sun 'n Lake Blvd. Sebring, FL 33872-1986",,,Adventist Health System,Adventist Health System,0,0,0,0,0,0,0,0,12,4,0.00,0,0,0,0,0,49,0,27.5391589,-81.5099593111,103730,Duval,No,Not-For-Profit,ST LUKES ST VINCENTS,"4201 Belfort Rd. Jacksonville, FL 32216-1431",,,St. Vincent's HealthCare,St. Vincent's HealthCare,0,0,0,0,0,0,0,0,12,4,0.00,0,0,0,0,0,100,0,30.2537775,-81.5826747112,100315,Collier,Yes,Not-For-Profit,NCH DOWNTOWN NAPLES HOSPITAL,"350 7th St., N. Naples, FL 34102-5754",,,NCH Healthcare System,NCH Healthcare System,5081877,0,3424898,0,1656979,0,-1656979,33,12,4,0.00,0,0,5081877,0,-5081877,30,-5081877,26.1503471,-81.7987468113,100285,Charlotte,No,Investor-Owned,PEACE RIVER REGIONAL MEDICAL CENTER,"2500 Harbor Blvd. Port Charlotte, FL 33952-5000",,,Health Management Associates,Health Management Associates,0,0,0,0,0,0,0,0,12,4,0.00,0,0,0,0,0,53,0,26.9890508,-82.0955944114,100731,Duval,No,Not-For-Profit,SAINT VINCENT'S MEDICAL CENTER,"1 Shircliff Way Jacksonville, FL 32204-4748",,,St. Vincent's HealthCare,St. Vincent's HealthCare,2535587,281687,1708842,189841,826745,91846,-918591,33,12,4,0.00,0,0,2535587,281687,-2817274,93,0,30.307202,-81.689871115,101613,Pinellas,No,Not-For-Profit,HELEN ELLIS MEMORIAL HOSPITAL,"1395 S. Pinellas Ave. Tarpon Springs, FL 34689-3790",,,Adventist Health System,Adventist Health System,0,0,0,0,0,0,0,0,12,4,0.00,0,0,0,0,0,118,0,28.132767,-82.7575957116,101231,Nassau,No,Not-For-Profit,BAPTIST MEDICAL CENTER - NASSAU,"1250 S. 18th St. Fernandina Beach, FL 32034-3098",,,Baptist Health,Baptist Health,358242,104479,358242,104479,0,0,0,0,12,4,0.00,0,0,358242,104479,-462721,10,-462721,30.65306,-81.448631117,113212,Escambia,Yes,Investor-Owned,WEST FLORIDA HOSPITAL,"8383 N. Davis Hwy. Pensacola, FL 32514-6039",,,HCA West Florida Division,HCA,0,0,0,0,0,0,0,0,12,4,0.00,0,0,0,0,0,49,0,30.5153695,-87.2187566118,101869,Volusia,No,Not-For-Profit,FLORIDA HOSPITAL ORMOND MEMORIAL,"264 S. Atlantic Ave. Ormond Beach, FL 32176-8149",,,Adventist Health System,Adventist Health System,0,0,0,0,0,0,0,0,11,4,0.00,0,0,0,0,0,53,0,29.2846562,-81.0369751119,119717,Lee,Yes,Public/Government,CAPE CORAL HOSPITAL,"636 Del Prado Blvd. Cape Coral, FL 33990-2695",,,Lee Memorial Health System,Lee Memorial Health System,0,0,0,0,0,0,0,0,11,4,0.00,0,0,0,0,0,46,0,26.6394379,-81.943245120,109886,Marion,No,Investor-Owned,OCALA REGIONAL MEDICAL CENTER,"1431 S.W. 1st Ave. Ocala, FL 34471-6500",,,HCA North Florida Division,HCA,0,0,0,0,0,0,0,0,11,4,0.00,0,0,0,0,0,63,0,29.1755041,-82.1368523121,119971,St. Lucie,Yes,Investor-Owned,ST. LUCIE MEDICAL CENTER,"1800 S.E. Tiffany Ave. Port St. Lucie, FL 34952-7521",,,HCA East Florida Division,HCA,2153546,38910,1451368,26223,702178,12687,-714865,33,11,4,0.00,0,0,2153546,38910,-2192456,8,-2192456,27.2886068,-80.2940786122,119881,Pasco,No,Investor-Owned,REGIONAL MEDICAL CENTER AT BAYONET POINT,"14000 Fivay Rd. Hudson, FL 34667-7103",,,HCA West Florida Division,HCA,0,0,0,0,0,0,0,0,11,4,0.00,0,0,0,0,0,103,0,28.3612503,-82.6881834123,108227,Union,No,Investor-Owned,LAKE BUTLER HOSPITAL,"850 E. Main St. Lake Butler, FL 32054-1353",,,,,15171,82022,15171,82022,0,0,0,0,11,4,0.00,0,0,15171,82022,-97193,3311,0,30.0226626,-82.3268683124,102199,Citrus,No,Investor-Owned,CITRUS MEMORIAL HEALTH SYSTEM,"502 W. Highland Blvd. Inverness, FL 34452-4720",,,,,0,0,0,0,0,0,0,0,11,4,0.00,0,0,0,0,0,-103863,0,28.8334017,-82.3359666125,20127,Gulf,No,Not-For-Profit,SACRED HEART HOSPITAL ON THE GULF,"3801 E. Highway 98 Port St. Joe, FL 32456-5318",,,"Sacred Heart Health System, Inc.","Sacred Heart Health System, Inc.",44315,35823,44315,35823,0,0,0,0,11,4,0.00,0,0,44315,35823,-80138,-13,0,29.7788835,-85.2882072126,112798,Hillsborough,No,Investor-Owned,MEMORIAL HOSPITAL OF TAMPA,"2901 Swann Ave. Tampa, FL 33609-4056",,,IASIS Healthcare,,0,0,0,0,0,0,0,0,10,4,0.00,0,0,0,0,0,227,0,27.9380455,-82.4898248127,101826,Volusia,No,Not-For-Profit,FLORIDA HOSPITAL FISH MEMORIAL,"1055 Saxon Blvd. Orange City, FL 32763-8468",,,Adventist Health System,Adventist Health System,0,0,0,0,0,0,0,0,10,4,0.00,0,0,0,0,0,84,0,28.914028,-81.284804128,101079,Lake,No,Not-For-Profit,LEESBURG REGIONAL MEDICAL CENTER,"600 E. Dixie Ave. Leesburg, FL 34748-5925",,,Central Florida Health Alliance,Central Florida Health Alliance,0,0,0,0,0,0,0,0,10,4,0.00,0,0,0,0,0,22,0,28.8080948,-81.8683185129,101184,Martin,Yes,Not-For-Profit,MARTIN MEMORIAL HOSPITAL,"200 S.E. Hospital Ave. Stuart, FL 34994-2346",,,Martin Health System,Martin Health System,0,0,0,0,0,0,0,0,10,4,0.00,0,0,0,0,0,68,0,27.1989708,-80.2435471130,101265,Okaloosa,No,Investor-Owned,NORTH OKALOOSA MEDICAL CENTER,"151 E. Redstone Ave. Crestview, FL 32539-5352",,,Community Health Systems,Community Health Systems,0,0,0,0,0,0,0,0,10,4,0.00,0,0,0,0,0,22,0,30.7356276,-86.5621695131,101737,Santa Rosa,Yes,Not-For-Profit,JAY HOSPITAL,"14114 Alabama St. Jay, FL 32565-1219",,,Baptist Health Care,Baptist Health Care,84750,83922,84750,83922,0,0,0,0,10,4,0.00,0,0,84750,83922,-168672,-58,0,30.950148,-87.150953132,110213,Manatee,No,Investor-Owned,BLAKE MEDICAL CENTER,"2020 59th St., W. Bradenton, FL 34209-4604",,,HCA West Florida Division,HCA,0,0,0,0,0,0,0,0,10,4,0.00,0,0,0,0,0,77,0,27.4822425,-82.6233649133,112305,Broward,No,Investor-Owned,WESTSIDE REGIONAL MEDICAL CENTE,"8201 W. Broward Blvd. Plantation, FL 33324-2701",,,HCA East Florida Division,HCA,0,0,0,0,0,0,0,0,10,4,0.00,0,0,0,0,0,34,0,26.123543,-80.259512134,120324,Hillsborough,No,Not-For-Profit,H. LEE MOFFIT CANCER CENTER,"12902 Magnolia Dr. Tampa, FL 33612-9416",,,,,1256818,6693186,847024,4510829,409794,2182357,-2592151,33,10,4,0.00,0,0,1256818,6693186,-7950004,30,-7950004,28.0640079,-82.4216573135,100471,Miami-Dade,No,Not-For-Profit,UNIVERSITY OF MIAMI HOSPITAL & CLINICS,"1475 N.W. 12th Ave. Miami, FL 33136-1002",,,University of Miami Health System,University of Miami Health System,0,3305040,0,2227410,0,1077630,-1077630,33,9,4,0.00,0,0,0,3305040,-3305040,-10,-3305040,25.7887329,-80.2145991136,101796,Suwannee,No,Investor-Owned,LIVE OAK,"1100 S.W. 11th St. Live Oak, FL 32064-3608",,,Health Management Associates,Health Management Associates,29847,222733,29847,222733,0,0,0,0,9,4,0.00,0,0,29847,222733,-252580,21,-252580,30.2899154,-83.0035999137,103209,Brevard,Yes,Investor-Owned,WUESTHOFF MEDICAL CENTER - MELBOURNE,"250 N. Wickham Rd. Melbourne, FL 32935-8625",,,Health Management Associates,Health Management Associates,0,0,0,0,0,0,0,0,9,4,0.00,0,0,0,0,0,-479,0,28.1092215,-80.674222138,119741,Pinellas,No,Investor-Owned,LARGO MEDICAL CENTER,"201 14th St., S.W. Largo, FL 33770-3133",,,HCA West Florida Division,HCA,851478,145049,573848,97755,277630,47294,-324924,33,9,4,0.00,0,0,851478,145049,-996527,34,-996527,27.9150149,-82.8036373139,109592,Pasco,No,Investor-Owned,PASCO REGIONAL MEDICAL CENTER,"13100 Fort King Rd. Dade City, FL 33525-5294",,,Health Management Associates,Health Management Associates,0,0,0,0,0,0,0,0,9,4,0.00,0,0,0,0,0,181,0,28.348055,-82.199629140,103721,Pinellas,No,Not-For-Profit,BAYCARE ALLIANT,"601 Main St. Dunedin, FL 34698-5848",,,BayCare Health System,BayCare,0,0,0,0,0,0,0,0,8,4,0.00,0,0,0,0,0,16,0,28.0136642,-82.7827283141,103462,Osceola,No,Investor-Owned,ST CLOUD REGIONAL MEDICAL CENTER,"2906 17th St. St. Cloud, FL 34769-6006",,,Health Management Associates,Health Management Associates,0,0,0,0,0,0,0,0,9,4,0.00,0,0,0,0,0,48,0,28.243114,-81.302787142,100803,Franklin,No,Public/Government,GEORGE E. WEEMS MEMORIAL HOSPITAL,"135 Avenue G Apalachicola, FL 32320-1613",,,,,26085,52919,26085,52919,0,0,0,0,9,4,0.00,0,0,26085,52919,-79004,-399,0,29.7226166,-84.989883143,103144,Collier,Yes,Investor-Owned,PHYSICAN'S REGIONAL MEDICAL CENTER,"6101 Pine Ridge Rd. Naples, FL 34119-3900",,,Health Management Associates,Health Management Associates,1528245,0,1029951,0,498294,0,-498294,33,9,4,0.00,0,0,1528245,0,-1528245,25,-1528245,26.213832,-81.7325884144,100072,Bradford,No,Investor-Owned,STARKE,"922 E. Call St. Starke, FL 32091-3616",,,Health Management Associates,Health Management Associates,91185,188317,91185,188317,0,0,0,0,8,4,0.00,0,0,91185,188317,-279502,155,0,29.9420583,-82.1023286145,119989,Citrus,No,Investor-Owned,SEVEN RIVERS COMMUNITY HOSPITAL,"6201 N. Suncoast Blvd. Crystal River, FL 34428-6712",,,Health Management Associates,Health Management Associates,0,0,0,0,0,0,0,0,8,4,0.00,0,0,0,0,0,26,0,28.9518354,-82.6244791146,102105,Palm Beach,No,Investor-Owned,PALM BEACH GARDENS MEDICAL CENTER,"3360 Burns Rd. Palm Beach Gardens, FL 33410-4323",,,Tenet HealthSystem,Tenet HealthSystem,0,0,0,0,0,0,0,0,8,4,0.00,0,0,0,0,0,103,0,26.8294766,-80.0866442147,119768,Columbia,No,Investor-Owned,LAKE CITY MEDICAL CENTER,"340 N.W. Commerce Dr. Lake City, FL 32055-4709",,,HCA North Florida Division,HCA,0,0,0,0,0,0,0,0,8,4,0.00,0,0,0,0,0,74,0,30.1839828,-82.6863444148,101893,Flagler,No,Not-For-Profit,FLORIDA HOSPITAL FLAGLER,"60 Memorial Medical Pkwy. Palm Coast, FL 32164-5980",,,Adventist Health System,Adventist Health System,401308,273172,401308,273172,0,0,0,0,8,4,0.00,0,0,401308,273172,-674480,9,-674480,29.4791799,-81.1894316149,100188,Broward,No,Not-For-Profit,HOLY CROSS HOSPITAL,"4725 N. Federal Hwy. Ft. Lauderdale, FL 33308-4603",,,,,0,0,0,0,0,0,0,0,8,4,0.00,0,0,0,0,0,456,0,26.1871437,-80.1199314150,120090,Palm Beach,No,Investor-Owned,DELRAY MEDICAL CENTER,"5352 Linton Blvd. Delray Beach, FL 33484-6514",,,Tenet HealthSystem,Tenet HealthSystem,93719,17624,63161,11877,30558,5747,-36305,33,8,4,0.00,0,0,93719,17624,-111343,22,-111342,26.437016,-80.1278184151,100862,Hendry,No,Public/Government,HENDRY REGIONAL MEDICAL CENTER,"524 W. Sagamore Ave. Clewiston, FL 33440-3514",,,Quorum Health Resources,Quorum Health Resources,91679,150661,91679,150661,0,0,0,0,8,4,0.00,0,0,91679,150661,-242340,286,0,26.7533275,-80.9414508152,100277,Charlotte,No,Investor-Owned,CHARLOTTE REGIONAL MEDICAL CENTER,"809 E. Marion Ave. Punta Gorda, FL 33950-3819",,,Health Management Associates,Health Management Associates,0,0,0,0,0,0,0,0,8,4,0.00,0,0,0,0,0,-60,0,26.9409922,-82.040058153,101664,Polk,No,Investor-Owned,LAKE WALES MEDICAL CENTERS,"410 S. 11th St. Lake Wales, FL 33853-4203",,,Community Health Systems,Community Health Systems,0,0,0,0,0,0,0,0,8,4,0.00,0,0,0,0,0,-98,0,27.895852,-81.565518154,120294,Palm Beach,No,Not-For-Profit,JUPITER MEDICAL CENTER,"1210 S. Old Dixie Hwy. Jupiter, FL 33458-7205",,,,,0,0,0,0,0,0,0,0,6,4,0.00,0,0,0,0,0,299,0,26.9225859,-80.0964668155,103543,Miami-Dade,No,Not-For-Profit,DOCTORS' HOSPITAL - CORAL GABLES,"5000 University Dr. Coral Gables, FL 33146-2008",,,Baptist Health South Florida,Baptist Health South Florida,0,0,0,0,0,0,0,0,7,4,0.00,0,0,0,0,0,-206,0,25.7242943,-80.2742206156,120014,Indian River,Yes,Investor-Owned,SEBASTIAN RIVER MEDICAL CENTER,"13695 US Hwy. 1 Sebastian, FL 32958-3230",,,Health Management Associates,Health Management Associates,0,0,0,0,0,0,0,0,7,4,0.00,0,0,0,0,0,14,0,27.8436243,-80.4889146157,120073,Hernando,No,Investor-Owned,OAK HILL HOSPITAL,"11375 Cortez Blvd. Brooksville, FL 34613-5409",,,HCA West Florida Division,HCA,0,0,0,0,0,0,0,0,7,4,0.00,0,0,0,0,0,36,0,28.5366554,-82.5349898158,102342,Hillsborough,No,Investor-Owned,KINDRED HOSPITAL BAY AREA - TAMPA,"4555 S. Manhattan Ave. Tampa, FL 33611-2305",,,Kindred South Region Office,Kindred South Region Office,0,0,0,0,0,0,0,0,7,4,0.00,0,0,0,0,0,53,0,27.898031,-82.5190499159,102679,Clay,No,Investor-Owned,KINDRED HOSPITAL - NORTH FLORIDA,"801 Oak St. Green Cove Springs, FL 32043-4317",,,Kindred South Region Office,Kindred South Region Office,0,0,0,0,0,0,0,0,7,4,0.00,0,0,0,0,0,59,0,29.9883411,-81.682027160,101257,Okaloosa,No,Investor-Owned,TWIN CITIES HOSPITAL,"2190 Hwy. 85, N. Niceville, FL 32578-1045",,,HCA West Florida Division,HCA,0,0,0,0,0,0,0,0,6,4,0.00,0,0,0,0,0,17,0,30.5335439,-86.4955846161,117463,Charlotte,No,Investor-Owned,FAWCETT MEMORIAL HOSPITAL,"21298 Olean Blvd. Port Charlotte, FL 33952-6705",,,HCA West Florida Division,HCA,0,0,0,0,0,0,0,0,6,4,0.00,0,0,0,0,0,47,0,26.9888809,-82.0988521162,103420,Manatee,No,Investor-Owned,LAKEWOOD RANCH MEDICAL CENTER,"8330 Lakewood Ranch Blvd. Bradenton, FL 34202-5174",,,"Universal Health Services, Inc.","Universal Health Services, Inc.",0,0,0,0,0,0,0,0,6,4,0.00,0,0,0,0,0,90,0,27.390913,-82.435731163,31588,,No,,VIERRA,"8745 N. Wickham Rd. Melbourne, FL 32940-5997",,,,,0,0,0,0,0,0,0,0,6,4,0.00,0,0,0,0,0,126,0,28.228301,-80.7293673164,101907,Washington,No,Investor-Owned,NORTHWEST FLORIDA COMMUNITY HOSPITAL,"1360 Brickyard Rd. Chipley, FL 32428-6303",,,,,45334,0,45334,162056,0,0,0,0,6,4,0.00,0,0,45334,162056,-207390,-17,-45334,30.76626,-85.542884165,102300,Hillsborough,No,Investor-Owned,KINDRED HOSPITAL - CENTRAL TAMPA,"4801 N. Howard Ave. Tampa, FL 33603-1411",,,Kindred South Region Office,Kindred South Region Office,0,0,0,0,0,0,0,0,5,4,0.00,0,0,0,0,0,36,0,27.9894952,-82.4811847166,101834,Volusia,No,Not-For-Profit,BERT FISH MEDICAL CENTER,"401 Palmetto St. New Smyrna Beach, FL 32168-7322",,,,,0,0,0,0,0,0,0,0,5,4,0.00,0,0,0,0,0,501,0,29.0205633,-80.9219167167,101702,Miami-Dade,No,Investor-Owned,WEST GABLES REHABILITATION HOSPITAL,"2525 S.W. 75th Ave. Miami, FL 33155-2800",,,,,0,0,0,0,0,0,0,0,5,4,0.00,0,0,0,0,0,-22,0,25.7471447,-80.3170383168,101150,Madison,No,Not-For-Profit,MADISON COUNTY MEMORIAL HOSPITAL,"224 N.W. Crane Ave. Madison, FL 32340-1400",,,,,9285,31590,9285,31590,0,0,0,0,5,4,0.00,0,0,9285,31590,-40875,-111,0,30.4704794,-83.4199344169,120111,Pinellas,No,Investor-Owned,PALMS OF PASADENA HOSPITAL,"1501 Pasadena Ave., S. St. Petersburg, FL 33707-3717",,,IASIS Healthcare,,0,0,0,0,0,0,0,0,5,4,0.00,0,0,0,0,0,1230,0,27.7527998,-82.739575170,102326,Duval,No,Not-For-Profit,BAPTIST MEDICAL CENTER - BEACHES,"1350 13th Ave., S. Jacksonville Beach, FL 32250-3203",,,Baptist Health,Baptist Health,0,0,0,0,0,0,0,0,5,4,0.00,0,0,0,0,0,49,0,30.2732933,-81.3981499171,102539,Sarasota,No,Investor-Owned,ENGLEWOOD COMMUNITY HOSPITAL,"700 Medical Blvd. Englewood, FL 34223-3964",,,HCA West Florida Division,HCA,0,0,0,0,0,0,0,0,4,4,0.00,0,0,0,0,0,299,0,26.9501075,-82.326556172,103764,Palm Beach,No,Investor-Owned,SELECT  SPECIALTY HOSPTAL  PALM BEACH,"3060 Melaleuca Ln. Lake Worth, FL 33461-5174",,,Select Medical Corporation,Select Medical Corporation,0,0,0,0,0,0,0,0,4,4,0.00,0,0,0,0,0,-45,0,26.608873,-80.091561173,116483,Miami-Dade,No,Not-For-Profit,ANN BATES LEACH EYE HOSPITAL,"900 N.W. 17th St. Miami, FL 33136-1119",,,University of Miami Health System,University of Miami Health System,3807,770123,2566,519019,1241,251104,-252345,33,4,4,0.00,0,0,3807,770123,-773930,3,-773930,25.7909979,-80.2106781174,103179,Sumter,No,Not-For-Profit,THE VILLAGES REGIONAL HOSPITAL,"1451 El Camino Real The Villages, FL 32159-0041",,,Central Florida Health Alliance,Central Florida Health Alliance,0,0,0,0,0,0,0,0,4,4,0.00,0,0,0,0,0,51,0,28.950209,-81.9582652175,119946,Hillsborough,No,Investor-Owned,SOUTH BAY HOSPITAL,"4016 Sun City Center Blvd. Sun City Center, FL 33573-5256",,,HCA West Florida Division,HCA,0,0,0,0,0,0,0,0,4,4,0.00,0,0,0,0,0,-160,0,27.7137058,-82.3653243176,103535,Marion,No,Investor-Owned,KINDRED HOSPITAL - OCALA,"1500 S.W. 1st Ave. Ocala, FL 34471-6504",,,Kindred South Region Office,Kindred South Region Office,0,0,0,0,0,0,0,0,4,4,0.00,0,0,0,0,0,6,0,29.1753878,-82.138785177,103772,Alachua,No,Investor-Owned,SELECT SPECIALTY HOSPITAL,"2708 S.W. Archer Rd. Gainesville, FL 32608-1316",,,Select Medical Corporation,Select Medical Corporation,0,0,0,0,0,0,0,0,4,4,0.00,0,0,0,0,0,-61,0,29.6321336,-82.3639017178,102776,Miami-Dade,No,Not-For-Profit,MIAMI JEWISH HOME & HOSPITAL,"5200 N.E. 2nd Ave. Miami, FL 33137-2706",,,,,0,0,0,0,0,0,0,0,0,4,0.00,0,0,0,0,0,0,0,25.8228678,-80.1924317179,119954,Sarasota,No,Investor-Owned,DOCTORS HOSPITAL OF SARASOTA,"5731 Bee Ridge Rd. Sarasota, FL 34233-5056",,,HCA West Florida Division,HCA,0,0,0,0,0,0,0,0,4,4,0.00,0,0,0,0,0,62,0,27.3019374,-82.4530625180,101214,Monroe,No,Not-For-Profit,MARINERS HOSPITAL,"91500 Overseas Hwy. Tavernier, FL 33070-2547",,,Baptist Health South Florida,Baptist Health South Florida,52960,58964,52960,58964,0,0,0,0,3,4,0.00,0,0,52960,58964,-111924,36,-111924,25.0059575,-80.5220346181,119733,Sarasota,No,Investor-Owned,VENICE REGIONAL MEDICAL CENTER,"540 The Rialto Venice, FL 34285-2900",,,Health Management Associates,Health Management Associates,0,0,0,0,0,0,0,0,3,4,0.00,0,0,0,0,0,38,0,27.0905363,-82.4449121182,101753,Pinellas,No,Investor-Owned,HEALTHSOUTH REHAB. HOSPITAL - LARGO,"901 N. Clearwater Largo Rd. Largo, FL 33770-4126",,,HealthSouth Corporation,HealthSouth Corporation,0,0,0,0,0,0,0,0,3,4,0.00,0,0,0,0,0,8,0,27.925441,-82.797298183,102709,Miami-Dade,No,Investor-Owned,HEALTHSOUTH REHAB HOSPITAL OF MIAMI,"20601 Old Cutler Rd. Cutler Bay, FL 33189-2441",,,HealthSouth Corporation,HealthSouth Corporation,0,0,0,0,0,0,0,0,3,4,0.00,0,0,0,0,0,11,0,25.5747656,-80.3409182184,102768,Pinellas,No,Investor-Owned,KINDRED HOSPITAL BAY AREA - ST. PETE,"3030 6th St., S. St. Petersburg, FL 33705-3720",,,Kindred South Region Office,Kindred South Region Office,0,0,0,0,0,0,0,0,3,4,0.00,0,0,0,0,0,35,0,27.7406037,-82.6404714185,101419,Palm Beach,No,Not-For-Profit,BOCA RATON COMMUNITY HOSPITAL,"800 Meadows Rd. Boca Raton, FL 33486-2304",,,,,0,0,0,0,0,0,0,0,3,4,0.00,0,0,0,0,0,19,0,26.358767,-80.101737186,103284,Miami-Dade,No,Investor-Owned,SISTER EMMANUEL HOSPITAL,"3663 S. Miami Ave. Miami, FL 33133-4253",,,,,0,0,0,0,0,0,0,0,3,4,0.00,0,0,0,0,0,48,0,25.7421818,-80.2179487187,103390,Orange,No,Investor-Owned,SELECT SPECIALTY HOSPITAL - ORLANDO,"2250 Bedford Rd. Orlando, FL 32803-1443",,,Select Medical Corporation,Select Medical Corporation,0,0,0,0,0,0,0,0,3,4,0.00,0,0,0,0,0,953,0,28.572407,-81.37043188,9496,Pasco,No,Not-For-Profit,FLORIDA HOSPIAL CONNERTON,"9441 Health Center Dr. Land O' Lakes, FL 34637-5837",,,Adventist Health System,Adventist Health System,0,0,0,0,0,0,0,0,3,4,0.00,0,0,0,0,0,9,0,28.2953987,-82.4899611189,103748,Leon,Yes,Investor-Owned,SELEC SPECIALTY HOSPITAL TALLAHASSEE,"1554 Surgeons Dr. Tallahassee, FL 32308-4631",,,Select Medical Corporation,Select Medical Corporation,0,0,0,0,0,0,0,0,2,4,0.00,0,0,0,0,0,-52,0,30.461839,-84.2528001190,100048,Baker,No,Public/Government,ED FRASER MEMORIAL HOSPITAL,"159 N. 3rd St. Macclenny, FL 32063-2103",,,,,489,26195,489,26195,0,0,0,0,2,4,0.00,0,0,489,26195,-26684,-85,-26684,30.2850541,-82.1189973191,103560,,No,,HEALTHSOUTH RIDGELAKE HOSPITAL,"6150 Edgelake Dr. Sarasota, FL 34240-8803",,,,,0,0,0,0,0,0,0,0,2,4,0.00,0,0,0,0,0,89,0,27.301922,-82.4462696192,103560,Sarasota,No,Investor-Owned,HEALTHSOUTH RIDGELAKE HOSPITAL,"6150 Edgelake Dr. Sarasota, FL 34240-8803",,,HealthSouth Corporation,HealthSouth Corporation,0,0,0,0,0,0,0,0,2,4,0.00,0,0,0,0,0,89,0,27.301922,-82.4462696193,4170,Palm Beach,No,Investor-Owned,KINDRED PALM BEACH,"5555 W. Blue Heron Blvd. Riviera Beach, FL 33418-7813",,,Kindred South Region Office,Kindred South Region Office,0,0,0,0,0,0,0,0,2,4,0.00,0,0,0,0,0,46,0,26.7829485,-80.1103957194,120332,Leon,Yes,Investor-Owned,HEALTHSOUTH REHAB HOSPITAL - TALLAHASSEE,"1675 Riggins Rd. Tallahassee, FL 32308-5315",,,HealthSouth Corporation,HealthSouth Corporation,0,0,0,0,0,0,0,0,2,4,0.00,0,0,0,0,0,15,0,30.459486,-84.237021195,102750,Bay,No,Investor-Owned,HEALTHSOUTH EMERALD COAST REHABILITATION HOSPITAL,"1847 Florida Ave. Panama City, FL 32405-4640",,,HealthSouth Corporation,HealthSouth Corporation,0,0,0,0,0,0,0,0,2,4,0.00,0,0,0,0,0,10,0,30.1819477,-85.6695481196,101915,Broward,No,Investor-Owned,KINDRED HOSPITAL - S FLORIDA - HOLLYWOOD,"1859 Van Buren St. Hollywood, FL 33020-5127",,,Kindred South Region Office,Kindred South Region Office,0,0,0,0,0,0,0,0,2,4,0.00,0,0,0,0,0,138,0,26.0098825,-80.1442108197,16815,,No,,KINDRED MELBOURNE,"765 W. Nasa Blvd. Melbourne, FL 32901-1815",,,,,0,0,0,0,0,0,0,0,2,4,0.00,0,0,0,0,0,-116,0,28.0928164,-80.6323617198,103438,Bay,No,Investor-Owned,SELECT SPECIALTY HOSPITAL PANAMA CITY,"615 N. Bonita Ave. Panama City, FL 32401-3623",,,Select Medical Corporation,Select Medical Corporation,0,0,0,0,0,0,0,0,2,4,0.00,0,0,0,0,0,6,0,30.1596644,-85.6486243199,119938,Miami-Dade,No,Investor-Owned,KINDRED HOSPITAL - S. FLA - CORAL GABLES,"5190 S.W. 8th St. Coral Gables, FL 33134-2476",,,Kindred South Region Office,Kindred South Region Office,0,0,0,0,0,0,0,0,2,4,0.00,0,0,0,0,0,111,0,25.7636747,-80.2788355200,102202,Broward,No,Investor-Owned,CLEVELAND CLINIC FLORIDA WESTON,"3100 Weston Rd. Weston, FL 33331-3602",,,,,0,0,0,0,0,0,0,0,2,4,0.00,0,0,0,0,0,2,0,26.081552,-80.364495201,100722,Duval,No,Not-For-Profit,SAINT LUKE'S HOSPITAL,"4500 San Pablo Rd. Jacksonville, FL 32224-1865",,,,,201553,46342,135835,31232,65718,15110,-80828,33,2,4,0.00,0,0,201553,46342,-247895,3,-247895,30.2844987,-81.437629202,103683,Escambia,Yes,Investor-Owned,SELECT SPECIALTY HOSPITAL GAINESVILLE,"7000 Cobble Creek Dr. Pensacola, FL 32504-8638",,,Select Medical Corporation,Select Medical Corporation,0,0,0,0,0,0,0,0,2,4,0.00,0,0,0,0,0,14,0,30.478632,-87.215252203,120278,Broward,No,Investor-Owned,HEALTHSOUTH SUNRISE REHAB. HOSPITAL,"4399 Nob Hill Rd. Sunrise, FL 33351-5813",,,HealthSouth Corporation,HealthSouth Corporation,0,0,0,0,0,0,0,0,2,4,0.00,0,0,0,0,0,6,0,26.1781312,-80.2850825204,102601,Hardee,No,Not-For-Profit,FLORIDA HOSPITAL - WAUCHULA,"533 Carlton St. Wauchula, FL 33873-3407",,,Adventist Health System,Adventist Health System,21396,0,21396,187017,0,0,0,0,1,4,0.00,0,0,21396,187017,-208413,-14439,0,27.5354504,-81.8169147205,120341,Indian River,Yes,Investor-Owned,HEALTHSOUTH REHAB. HOSPITAL TREAS COAST,"1600 37th St. Vero Beach, FL 32960-4863",,,HealthSouth Corporation,HealthSouth Corporation,0,0,0,0,0,0,0,0,1,4,0.00,0,0,0,0,0,33,0,27.661332,-80.4002129206,120383,Sarasota,No,Investor-Owned,HEALTHSOUTH REHAB. INSTITUTE - SARASOTA,"6400 Edgelake Dr. Sarasota, FL 34240-8813",,,HealthSouth Corporation,HealthSouth Corporation,0,0,0,0,0,0,0,0,1,4,0.00,0,0,0,0,0,3,0,27.3010085,-82.4425651207,120421,Brevard,Yes,Investor-Owned,HEALTHSOUTH SEA PINES REHABILITATION HOSPITAL,"101 E. Florida Ave. Melbourne, FL 32901-8301",,,HealthSouth Corporation,HealthSouth Corporation,0,0,0,0,0,0,0,0,1,4,0.00,0,0,0,0,0,6,0,28.0554588,-80.6200076208,101206,Monroe,No,Not-For-Profit,FISHERMEN'S HOSPITAL,"3301 Overseas Hwy. Marathon, FL 33050-2329",,,Quorum Health Resources,Quorum Health Resources,42011,47680,42011,47680,0,0,0,0,1,4,0.00,0,0,42011,47680,-89691,-7,-89691,24.7101862,-81.0945495209,100196,Broward,No,Investor-Owned,KINDRED HOSPITAL - SOUTH FLORIDA,"1516 E. Las Olas Blvd. Ft. Lauderdale, FL 33301-2346",,,Kindred South Region Office,Kindred South Region Office,0,0,0,0,0,0,0,0,1,4,0.00,0,0,0,0,0,-202,0,26.118855,-80.127715210,103551,Hernando,No,Investor-Owned,HEALTHSOUTH REHAB OF SPRING HILL,"12440 Cortez Blvd. Brooksville, FL 34613-2628",,,HealthSouth Corporation,HealthSouth Corporation,0,0,0,0,0,0,0,0,0,4,0.00,0,0,0,0,0,9,0,28.5319064,-82.5171165211,102407,Broward,No,Not-For-Profit,ST. JOHN'S REHABILITATION HOSPITAL,"3487 N.W. 30th St. Lauderdale Lakes, FL 33311-1103",,,Catholic Health Services,Catholic Health Services,0,0,0,0,0,0,0,0,0,4,0.00,0,0,0,0,0,106,0,26.1634281,-80.1935446212,102717,Duval,No,Not-For-Profit,BROOKS HEALTH SYSTEM,"3599 University Blvd., S. Jacksonville, FL 32216-4245",,,Brooks Health System,Brooks Health System,0,0,0,0,0,0,0,0,0,4,0.00,0,0,0,0,0,49,0,30.289909,-81.601603213,103373,Miami-Dade,No,Investor-Owned,SELECT SPECIALTY HOSPITAL MIAMI,"955 N.W. 3rd St. Miami, FL 33128-1274",,,Select Medical Corporation,Select Medical Corporation,0,0,0,0,0,0,0,0,0,4,0.00,0,0,0,0,0,0,0,25.777005,-80.2108496214,106470,Duval,No,Investor-Owned,SELECT SPECIALTY HOSPITAL -MEMORIAL HEALTH JACKSONVILLE,"4901 Richard St. Jacksonville, FL 32207-7328",,,HCA North Florida Division,HCA,0,0,0,0,0,0,0,0,0,4,0.00,0,0,0,0,0,-2,0,30.271677,-81.61555215,120022,Miami-Dade,No,Not-For-Profit,ST. CATHERINE'S REHABILITATION HOSPITAL,"1050 N.E. 125th St. North Miami, FL 33161-5805",,,Catholic Health Services,Catholic Health Services,0,0,0,0,0,0,0,0,0,4,0.00,0,0,0,0,0,26,0,25.889931,-80.1771537216,100439,,No,,MERCY HOSPITAL,,,,,,,,0,0,0,0,0,0,,,,,,,,,,,,217,100447,,No,,Mt. SINAI MEDICAL CENTER & MIAMI HEART INSTITUTE,,,,,,,,0,0,0,0,0,0,,,,,,,,,,,,218,100536,,No,,PALM SPRINGS GENERAL HOSPITAL,,,,,,,,0,0,0,0,0,0,,,,,,,,,,,,219,100544,,No,,PAN AMERICAN HOSPITAL,,,,,,,,0,0,0,0,0,0,,,,,,,,,,,,220,100595,,No,,SOUTH BEACH COMMUNITY HOSPITAL,,,,,,,,0,0,0,0,0,0,,,,,,,,,,,,221,100706,,No,,METHODIST MEDICAL CENTER,,,,,,,,0,0,0,0,0,0,,,,,,,,,,,,222,100811,,No,,GADSDEN COMMUNITY HOSPITAL,,,,,,,,0,0,0,0,0,0,,,,,,,,,,,,223,100820,,No,,GULF PINES HOSPITAL,,,,,,,,0,0,0,0,0,0,,,,,,,,,,,,224,100838,,No,,TRINITY COMMUNITY HOSPITAL,,,,,,,,0,0,0,0,0,0,,,,,,,,,,,,225,101311,,No,,PRINCETON HOSPITAL,,,,,,,,0,0,0,0,0,0,,,,,,,,,,,,226,101362,,No,,FLORIDA HOSPITAL WINTER PARK,,,,,,,,0,0,0,0,0,0,,,,,,,,,,,,227,101435,,No,,EVERGLADES  REGIONAL MEDICAL CENTER,,,Palm Beach,,,,,0,0,0,0,0,0,,,,,,,,,,,,228,101541,,No,,MEASE HOSPITAL - DUNEDIN,,,,,,,,0,0,0,0,0,0,,,,,,,,,,,,229,101591,,No,,SUN COAST HOSPITAL,,,,,,,,0,0,0,0,0,0,,,,,,,,,,,,230,101681,,No,,POLK GENERAL HOSPITAL,,,,,,,,0,0,0,0,0,0,,,,,,,,,,,,231,101851,,No,,FLORIDA HOSPITAL OCEANSIDE,,,,,,,,0,0,0,0,0,0,,,,,,,,,,,,232,101940,,No,,CAMPBELLTON-GRACEVILLE HOSPITAL,,"5429 College Drive,Graceville, Florida 32440",Jackson,,,,,11103,33552,-11103,-33552,44655,0,,,,,,,,,,,,233,101966,,No,,CLEARWATER COMMUNITY HOSPITAL,,,Pinellas,,,,,0,0,0,0,0,0,,,,,,,,,,,,234,102032,,No,,FLORIDA MEDICAL CENTER SOUTH,,,,,,,,0,0,0,0,0,0,,,,,,,,,,,,235,102148,,No,,FLORIDA MEDICAL CENTER,,,,,,,,0,0,0,0,0,0,,,,,,,,,,,,236,102237,,No,,POMPANO BEACH MEDICAL CENTER,,,,,,,,0,0,0,0,0,0,,,,,,,,,,,,237,102245,,No,,PALM BEACH REGIONAL HOSPITAL,,,,,,,,0,0,0,0,0,0,,,,,,,,,,,,238,102385,,No,,PARKWAY REGIONAL (merged JMH),,,,,,,,0,0,0,0,0,0,,,,,,,,,,,,239,102466,,No,,SPRING HILL REGIONAL HOSPITAL,,,,,,,,0,0,0,0,0,0,,,,,,,,,,,,240,102571,,No,,NORTH RIDGE MEDICAL CENTER,,,,,,,,0,0,0,0,0,0,,,,,,,,,,,,241,102598,,No,,EDWARD WHITE HOSPITAL,,,Pinellas,,,,,0,0,0,0,0,0,,,,,,,,,,,,242,102652,,No,,BROOKS REHABILITATION HOSPITAL,,"3599 University Blvd S Jacksonville, Fl 32216",Duval,,,,,0,0,0,0,0,0,,,,,,,,,,,,243,110060,,No,,JACKSON SOUTH COMMUNITY HOSPITAL,,,,,,,,0,0,0,0,0,0,,,,,,,,,,,,244,111368,,No,,PARKWAY REGIONAL MEDICAL CENTER WEST,,,,,,,,0,0,0,0,0,0,,,,,,,,,,,,245,111414,,No,,PARK MEDICAL CENTER,,,,,,,,0,0,0,0,0,0,,,,,,,,,,,,246,111791,,No,,MEMORIAL REGIONAL HOSPITAL SOUTH,,,,,,,,0,0,0,0,0,0,,,,,,,,,,,,247,119784,,No,,FLORIDA STATE HOSPITAL - MED SURG.,,,,,,,,0,0,0,0,0,0,,,,,,,,,,,,248,119920,,No,,TACACHALE DAHLIA HOSPITAL,,,,,,,,0,0,0,0,0,0,,,,,,,,,,,,249,119962,,No,,SUNLAND - MARIANNA,,,,,,,,0,0,0,0,0,0,,,,,,,,,,,,250,119997,,No,,ORLANDO REGIONAL SOUTH SEMINOLE HOSPITAL,,,,,,,,0,0,0,0,0,0,,,,,,,,,,,,251,120049,,No,,ATLANTIC MEDICAL CENTER,,"303 N Clyde Morris Blvd, Daytona Beach, FL 32114",Volusia,,,,,0,0,0,0,0,0,,,,,,,,,,,,252,120081,,No,,MEASE HOSPITAL - COUNTRYSIDE,,,,,,,,0,0,0,0,0,0,,,,,,,,,,,,253,120251,,No,,PINECREST REHABILITATION HOSPITAL,,,,,,,,0,0,0,0,0,0,,,,,,,,,,,,254,140442,,No,,NORTH DADE HEALTH CENTER (JMH),,,,,,,,0,0,0,0,0,0,,,,,,,,,,,,255,260011,,No,,FLORIDA STATE HOSPITAL,,,,,,,,0,0,0,0,0,0,,,,,,,,,,,,256,260029,,No,,N.E. FLORIDA STATE HOSPITAL,,,,,,,,0,0,0,0,0,0,,,,,,,,,,,,257,260037,,No,,G. PIERCE WOOD HOSPITAL,,,,,,,,0,0,0,0,0,0,,,,,,,,,,,,258,260045,,No,,SOUTH FLORIDA STATE HOSPITAL,,,,,,,,0,0,0,0,0,0,,,,,,,,,,,,259,260053,,No,,WEST FLORIDA COMMUNITY CARE CENTER,,,,,,,,0,0,0,0,0,0,,,,,,,,,,,,,,,No,,,,,,,,,,,,,,,,,,,,,,,,,,,